No,CharaName,CharaAvaterName,Text,MessageType,ToWriteld,Descriotion
1,？？,,「そろそろかな」,0,,
2,,,,1,,"まぶたをゆっくりと開けて、ぼやけた視界。
まばたきを何回か行って意識を戻そうとするが再び視界暗転。"
3,,,,1,,SBG：駅の地下(ベンチ視点)
4,,,聞き覚えのある、優しい声。,0,,
5,,,でも、安心感の中に……どうしようもなく悲しい気持ちが混ざっている。,0,,
6,？？,,「ごめん、起こしたね」,0,,
7,,,,1,,声にハッとしてまぶたを開くダスティン。
8,,,,1,,"幼少期(9歳ぐらい？)なので、視点は普段よりも低い。
兄の大きさを演出で魅せたい。"
9,,,,1,,BG：駅の地下
10,,,"慌てて飛び起き、身なりを整える。
右髪のハネが直らず、カッコが付かない。",0,,
11,,,"今日はボクたち兄弟にとって特別な日。
それなのに……寝てしまっていたなんて。",0,,
12,兄さん,,「良い夢は見られた？」,0,,
13,,,覚えていない。　でも、心がワクワクするような何かを見たような気もする。,0,,
14,,,「そっか」,0,,
15,,,,1,,シンも立ち上がり、ダスティンの目の前に立つ。
16,兄さん,,「……せっかくだし、歩いて話そうか」,0,,
17,,,「連れて行きたい場所があるんだ」,0,,
18,兄さん,,「最期の再会と、最初の別れを祝して……どう？」,0,,
19,,,,1,,CI：繋ぐ両手
20,,,―――その言葉だけで胸が張り裂けそうになる。,0,,
21,,,差し伸ばされた手を、ボクは離すまいと強く握った。,0,,
22,,,,1,,演出：画面暗転
23,兄さん,笑顔,"「すごいなぁ～……前からずっと来てみたかったんだ。
見せられて良かったよ」",0,,
24,,,,1,,地下から階段を登り、薄暗い駅のホームに立つ二人。
25,,,,1,,BG：駅のホーム
26,,,薄暗く、埃っぽく、それでいて湿っぽい……不気味な空間。,0,,
27,兄さん,,"「心配してるの？　はは、大丈夫だよ。
父さんには無理言って許可貰ってきたんだ」",0,,
28,,,,1,,演出：駅のホームを見渡す
29,兄さん,,「此処も、昔は多くの人が行き来していた」,0,,
30,,,,1,,シンはダスティンと歩いている最中、列車の目の前で止まり話を続ける。
31,,,,1,,BG：列車前
32,兄さん,,「列車―――人と物を運ぶ乗り物。　前に図鑑で見たよね？」,0,,
33,,,ボクの目に映るソレは、図鑑で見た物よりも大きかった。,0,,
34,兄さん,,「ほら、見てごらん」,0,,
35,,,,1,,列車の車体に刻まれた文字を覗き込むダスティン。
36,,,,1,,SBG：希望
37,,,”明るい未来を繋いでみせる！”　”人類に希望を！”　”皆で支え合おう”,0,,
38,,,書かれているのは、様々な人たちが遺した希望。,0,,
39,,,"ただの文字だけど……皆はコレを笑顔で書いていたのかもしれない。
想像だけど、そんな情景が肌を通して伝わってくる。",0,,
40,兄さん,,「昔はどこまでも遠くへ行けた」,0,,
41,兄さん,,「今やこれはただの移動手段じゃない。　まさしく人々の希望なんだ」,0,,
42,兄さん,,「人類が復興を成し遂げた暁には、もっと遠くまで行けるようになるだろうね」,0,,
43,兄さん,,「……覚えている人は、もういないだろうけど」,0,,
44,,,"どんなに辛い時だって、笑顔を絶やさない。
この人はそういう人だ。",0,,
45,,,だからこそ見つけないといけない。　綻びを。,0,,
46,,,"何かの拍子で弱さが顔を出してくれるなら、
その時はきっと、勇気を振り絞れるのに。",0,,
47,,,ボクはもう一度、手に力を込めた。　もう二度と離すもんか。　それぐらいの気概で。,0,,
48,,,,1,,演出：画面暗転
49,,,,1,,BG：駅のホーム
50,,,,1,,SE：アラーム
51,兄さん,,「時間か……父さんが呼んでる。　行かないと」,0,,
52,兄さん,,「楽しい時間って、あっという間に過ぎるから嫌だよね」,0,,
53,,,本当に、あっという間の時間だった。,0,,
54,,,一向に手を離そうとしないボクに、兄さんは鬱陶しがらずに笑いかけてくれた。,0,,
55,,,"笑顔で見送らないといけない。
今日という日を二人で楽しみにしていたのだから。",0,,
56,,,,1,,演出：視界ぼやけ
57,,,でも、グチャグチャになった感情は隠し切れない涙になってしまう。,0,,
58,兄さん,,「ありがとう。……けど、僕なら大丈夫」,0,,
59,兄さん,,「辛いとは思ってないから。　誰にもそう思って欲しくないんだ」,0,,
60,兄さん,,「未来が見えないから、過去を見たくないから、現在に苦しんでいる人が大勢いる」,0,,
61,兄さん,,「ただ見ているだけなんて、そっちの方が……よっぽど辛い」,0,,
62,兄さん,,「でも、本当に辛いのはーーー」,0,,
63,兄さん,,「僕たち兄弟、そして家族が、バラバラになってしまうことだから」,0,,
64,,,,1,,涙のせいでシンの表情は読み取れない。
65,,,,1,,演出：視界ぼやけ終了
66,兄さん,,「確かめるんだ」,0,,
67,,,手帳……来る日も来る日も、ボクらはここに夢を描いていた。,0,,
68,兄さん,,「僕らの夢の続き、その答えを」,0,,
69,兄さん,,「これから生まれてくる子へ伝えて欲しい」,0,,
70,兄さん,,「人として、生きることの素晴らしさを」,0,,
71,兄さん,,「今日この日を、いつかは忘れてしまうとしても」,0,,
72,,,"忘れたくない。　忘れられるわけがない。
そんなことができる奴は薄情だ。",0,,
73,兄さん,,"「誰もが一度はそう思うさ。
けれど、大人になるにはその強さが必要なんだ」　　",0,,
74,兄さん,,「だからこそ……いや」,0,,
75,,,,1,,シンは言葉を詰まらせる仕草を見せる
76,兄さん,,「後はよろしく頼んだよ。……それじゃ」,0,,
77,,,,1,,CI：離れる両手
78,,,手がゆっくりと離れていく。,0,,
79,,,いくら手を伸ばしても、差し出してはくれない。　届かない。,0,,
80,,,ボクは……無力だ。,0,,
81,,,,1,,滲んでいく視界。　徐々に開けて光が見えてくる。
82,,,,1,,演出：画面暗転
83,シン,,「…………」,0,,
84,,,,1,,"シンはゆっくりと瞼を開ける。
眼前には日光に照らされる木の葉と青い空が映る。"
85,,,,1,,SBG：木の葉と空
86,,,夢……。,0,,
87,,,,1,,シンは気怠そうにゆっくりと立ち上がる。
88,,,,1,,"演出：画面暗転
SE：起き上がり
BG：草原?"
89,？？,,「シンさ～んッ！！」,0,,
90,,,,1,,演出：振り向き
91,,,,1,,BG：草原
92,エレナ,怒り,「見つけた！　探したんですよ！」,0,,
93,,,,1,,エレナがフェードアウトして登場する。
94,シン,,「何だよ……言っておくが休憩中だぞ」,0,,
95,エレナ,挑発,「へぇ～～～？　おじさんがいいって言ったんですか？」,0,,
96,シン,,「ああ」,0,,
97,エレナ,怒り,「…………」,0,,
98,シン,,「何だよ」,0,,
99,エレナ,頬膨らまし,「わたしの許可は貰ってない気がするんですけど？」,0,,
100,シン,,「いらないだろ」,0,,
101,エレナ,怒り,「いる！」,0,,
102,エレナ,ドヤ,「おじさんの一番弟子であるわたしは、つまりシンさんのセンパイ！」,0,,
103,エレナ,通常,「そうなると、わたしが長女でシンさんが次男！　お姉さんの許しは必要です！」,0,,
104,シン,,「俺より年下のクセに」,0,,
105,エレナ,頬膨らまし,"「カンケ―ありません！
もうっ、急にいなくなったせいでおじさんにこき使われて大変だったんですから！」",0,,
106,シン,,「あー、はいはい」,0,,
107,エレナ,微怒,「……シンさんはもう少し、家族を大切にする気持ちが必要ですっ」,0,,
108,シン,,"「家族家族って……それ以外ないのか。
せめて友人ぐらいで留めてくれよ」",0,,
109,エレナ,茫然,「友人？　とも……だち……」,0,,
110,シン,怒り,「ダメ！」,0,,
111,エレナ,,「友達なんていらない！」,0,,
112,シン,,「…………」,0,,
113,エレナ,,「シンさんはいつもそうです！」,0,,
114,エレナ,,「目を離したら1人でふら～って、どっか行っちゃうし！」,0,,
115,シン,,「いつにも増してうるさいな」,0,,
116,エレナ,笑顔,「だって！　今日は待ちに待った月に一度の収穫祭！」,0,,
117,エレナ,,「みんなでワイワイ過ごせるステキな日！」,0,,
118,シン,,「ただの畑仕事な」,0,,
119,エレナ,プンスカ,「水差すの禁止！　楽しまなきゃ損です！」,0,,
120,,,楽しむ……ね。,0,,
121,,,些細なことであれ、特別に見立てて退屈を凌がないといけない。　それが此処の暮らし方。,0,,
122,シン,,「病み上がりなんだ、少しぐらい自制―――」,0,,
123,エレナ,ドヤ,「見ての通り！　ピンピンしてます！」,0,,
124,,,,1,,
125,シン,,「……そうかい、次は看てやらないからな」,0,,
126,エレナ,焦り,「あ、待ってくださいよ！」,0,,
127,シン,,「何だよ」,0,,
128,エレナ,気まずい,「え～っと……わたしもおじさんの目を盗んで来たってことはですよ？」,0,,
129,シン,,「一緒にサボれって？　お断りだ」,0,,
130,エレア,コミカル驚き,「どーして！？」,0,,
131,エレナ,怒り,「おじさんにナイショで！」,0,,
132,,,,1,,演出：ズーム20％？
133,エレナ,ドヤ,「まったり過ごして！」,0,,
134,,,,1,,演出：ズーム40％？
135,エレナ,ニヤけ,「悪いことをしたっていう二人だけの秘密を共有するんです！」,0,,
136,,,,1,,演出：ズーム60％？
137,エレナ,笑顔,「これぞ、まさしくオトナっぽくないですか！？」,0,,
138,,,,1,,演出：ズーム80％？
139,シン,,「おえッ……！」,0,,
140,,,吐き気を催すような台詞のオンパレードだな……。,0,,
141,,,,1,,シンはグイグイと攻め寄るエレナに圧倒されている。
142,エレナ,ドヤ,「おじさんが前に言ってました！　オトナは秘密がどうたら～って」,0,,
143,シン,,「テキトー人間の言葉なんか本気にするなよ」,0,,
144,エレナ,疑問,「そんなこと～……あるかもしれないですケド」,0,,
145,シン,,「とにかく、俺は戻るぞ」,0,,
146,エレナ,驚き,「あ～！　待ってくださいよ！」,0,,
147,,,,1,,
148,エレナ,立ち絵なし,「そうそう！　さっき、こ～んな！たくさんのカブをおじさんと――――」,0,,
149,,,,1,,シンは上の空で流れる雲を眺めている。
150,,,,1,,BG：昼の空
151,,,いつまで続くんだろうか、この生活は……。,0,,
152,,,周りを見渡しても自分がちっぽけに思えるぐらいの自然が広がっていて。,0,,
153,,,,1,,
154,,,,1,,BG：草原
155,,,視界には常に緑か青。　見えないと逆に落ち着かなくなった気さえする。,0,,
156,,,,1,,BG：河原
157,,,人間、慣れようと思えば慣れてしまうのが恐ろしい。,0,,
158,,,,1,,BG：昼の空
159,,,笑えてくるな、ホント。,0,,
160,,,……だからこそ。,0,,
161,,,頃合いかもしれない。,0,,
162,,,,1,,"雄大な景色をシンは回想する。
自然風景が背景として流れていく。"
163,エレナ,,「ちゃんと聞いてますかっ？」,0,,
164,,,,1,,"シンは空を眺めるのをやめ、首を下に下げて現実に戻る。
背景を草原?にして、少量の時間の経過を演出。"
165,,,,1,,BG：草原?
166,シン,,「カブの話」,0,,
167,エレナ,怒り,「おイモ！」,0,,
168,シン,,「そんな話だったか？」,0,,
169,エレナ,通常,「ここからが面白いのに！　おじさんが運んでたんですけどわたしが―――」,0,,上下に微動させて、歩行を演出。
170,シン,,「後ろ歩きで話すな。　転ぶぞ」,0,,
171,エレナ,怒り,「子ども扱いしないでください！　こうでもしないと聞いてくれないですから！」,0,,
172,エレナ,通常,「今日のご飯は豪華……って、あれ？　わ、わわわわあぁっ！」,0,,"上下に大きく揺れた後、再び揺れてフェードアウト。
……の後に驚きの表情に変わる。"
173,シン,,「お、おい！」,0,,
174,,,,1,,SC：伸ばす手
175,,,勝手に転ばせておけば良いのに……この期に及んで俺は……！,0,,
176,,,,1,,演出：画面暗転
177,エレナ,,「……あれ？」,0,,
178,,,,1,,画面暗転終了
179,,,,1,,エレナの腕を掴み、二人の距離は急接近している。
180,シン,,「ったく……どこがピンピンだって？　足元もフラついてる」,0,,
181,エレナ,驚き,「ご、ごめんなさい」,0,,
182,,,,1,,
183,シン,,「怒ってない。　ただ―――」,0,,
184,シン,,「ああもう、行くぞ」,0,,
185,,,こんなのが続くせいで、いつも調子が狂わされる。,0,,
186,,,,1,,距離を元の位置に戻し、シンは平静を装う。
187,,,「貸しが一つ増えた。　明日の家事当番は任せる」,0,,
188,エレナ,驚き,「ええええぇぇ！？」,0,,
189,,,,1,,演出：場面転換
190,,,,1,,BG：畑
191,ダスティン,通常,「戻ったか！　まったく、老人を残して駆け落ちとは……これが若気の至り……！」,0,,これが若気の至り……！でダスティンの表情が驚きに変わる。
192,ダスティン,コミカルな悲しみ,「ワシはお前達をそんな子に育てた覚えはないぞ……うぅ……！」,0,,
193,,,見え透いた猿芝居。,0,,
194,,,,1,,エレナの頭上に大きな？が浮かぶ。
195,エレナ,疑問,「駆け落ち？」,0,,
196,,,,1,,SE：疑問符
197,シン,,「食い付くな。　ややこしくなる」,0,,
198,ダスティン,通常,「若造どもがお楽しみの間に、このか弱い老人が大方の収穫を終わらせちまったワケだ」,0,,
199,ダスティン,,「手が空いているなら残りは任せたいのだが」,0,,
200,シン,,「言われなくてもやるつもりですよ」,0,,
201,ダスティン,,「意気込みやよし！」,0,,
202,エレナ,笑顔,「わたしも―――うっ！？」,0,,
203,,,,1,,"―――うっ！？の部分で驚きの表情で、上下に振動してフェードイン。
その後、ダスティンのすぐ横に立たされる。"
204,,,,1,,SE：ガシッ
205,ダスティン,不敵な笑顔,「エレナ、お前はワシとじっくり話をするべきだとは思わんか？」,0,,
206,エレナ,コミカル不満,「えぇー……」,0,,
207,,,だろうな。,0,,
208,,,一人の方が捗るから、こっちとしては好都合だが。,0,,
209,,,,1,,演出：場面転換
210,,,,1,,BG：昼の畑14:30頃
211,,,やけに長い……まだ言い争ってるのか。,0,,
212,,,,1,,シンは振り向いて二人の様子を伺おうとする。
213,,,,1,,BG：畑?
214,エレナ,怒り,「もういいっ！　わたしが何を言っても聞いてくれないんだもん！」　,0,,
215,ダスティン,通常,「聞く耳を持たんからだろう？」,0,,
216,エレナ,プンスカ,「お説教ならまた今度！　もういいっ」,0,,
217,,,,1,,怒ったエレナは身を任せ、その場を後にする。
218,,,,1,,エレナ：スライドしながらフェードアウト
219,ダスティン,驚き,「これエレナ！　話はまだ―――」,0,,
220,エレナ,,「そういうことなら、身の丈に合ったわたしだけのお仕事してきますぅ～！」,0,,表示なし。　遠くから叫んでいる。
221,ダスティン,,「あまり遠くへ行ってはならんぞ！」,0,,
222,エレナ,,「……！！」,0,,表示なし。　遠くから叫んでいる。
223,エレナ,,「子ども扱いしないで！　キョーコ達にご飯あげてくるだけだからっ！」,0,,表示なし。　遠くから叫んでいる。
224,,,"""あの一件""からか、どうにもエレナは浮ついているように見えるな。",0,,
225,,,,1,,シンは二人を見ていると悟られないように視線を戻す。
226,,,,1,,BG：昼の畑14:30頃
227,ダスティン,悩み,「かぁ～ッ、たく……参ったわ。　首尾はどうだ？」,0,,で、首尾はどうだ？の部分で通常の表情に戻る。
228,シン,,「とっくに」,0,,
229,ダスティン,笑顔,「ご苦労だったな。　さっさと運んでしまおう」,0,,
230,,,,1,,演出：場面転換
231,,,,1,,二人は収穫物を室内に運び終わり、整理している。
232,,,,1,,SBG：棚を見つめる
233,ダスティン,,「さっきは見苦しい所を見せたわ」,0,,表示なし。
234,,,,1,,
235,シン,,「気にしてませんし、エレナが悪い」,0,,
236,ダスティン,,「あの子は縛りを嫌う。　それは分かっているんだがな……どうも上手くいかん」,0,,表示なし。
237,シン,,「所詮はワガママだ」,0,,
238,ダスティン,,「お前さん、エレナにはえらく手厳しいからのう？」,0,,表示なし。
239,シン,,「好き嫌いの問題じゃない」,0,,
240,,,,1,,イライラが募ったシンは振り返ってダスティンを見据える。
241,,,,1,,BG：倉庫
242,シン,,「エレナは自分がどれだけ恵まれているのかが分かっていないんだ」,0,,
243,シン,,「だから当然の如く人を振り回せるし、他人の迷惑を厭わない」,0,,
244,ダスティン,通常,「あの年頃に必要なのは、自身を省みない無謀さと生意気さよ」,0,,
245,シン,,「そうやって甘やかすから……」,0,,
246,ダスティン,,「歳を重ねりゃ、忘れることの方が多くなる」,0,,
247,ダスティン,,「人は常に幸福で在るとは限らん」,0,,
248,ダスティン,,「いつか来る不幸に備え、乗り越えられる力を蓄える時期……それが子どもの役目」,0,,
249,ダスティン,,「今は多少なりとも、健やかに過ごして欲しいという親としての願いだ」,0,,
250,ダスティン,憂い,「あの子も、いつかは大人になる」,0,,
251,シン,,「へぇ」,0,,
252,ダスティン,通常,「どうかしたか？」,0,,
253,シン,,「別に」,0,,
254,,,やっぱり恵まれてるな、アイツは。,0,,
255,シン,,「ダスティンさん、話したい事が―――」,0,,
256,,,,1,,ドタドタという足音を響かせ、ドアが思い切り開かれる。
257,,,,1,,"SE：足音
SE：勢いよく開くドア"
258,,,,1,,BG：倉庫(ドア開)
259,シン＆ダスティン,,「「！？」」,0,,
260,シン,,「エレナ？」,0,,
261,エレナ,焦燥,「ハァ……！ハァッ……！！」,0,,
262,エレナ,,「た、大変……大変だよ！」,0,,
263,ダスティン,,「形相を見りゃ分かるが……何事だ？」,0,,
264,エレナ,,「わ、わたしが見に行った時にはもう……居なくなってて……！」,0,,
265,シン,,「落ち着いて話せ」,0,,
266,エレナ,,「キョーコが！！」,0,,
267,エレナ,疑問,「……って、二人でなにしてるの？　見つめ合っちゃって」,0,,
268,ダスティン,,「ん？　ただの戯れだ。　気にせんで良い」,0,,
269,,,なんてタイミング……この話は後回しだな。,0,,
270,,,,1,,演出：場面転換
271,,,,1,,BG：山羊小屋
272,ダスティン,,「確かに、一匹見当たらんな」,0,,
273,,,他の二匹は何食わぬ顔でくつろいでいる。,0,,
274,エレナ,焦り,「見に来たらもう居なくなってて……！」,0,,
275,ダスティン,通常,「誰も疑ってはおらん。　問題は何処へ行ったかだろう？」,0,,
276,エレナ,,「二人とも、あの子がどこに行ったか知らない？」,0,,
277,山羊3兄妹,,「「……メェ～～」」,0,,
278,シン,,「こんな時に遊んでる場合か」,0,,
279,,,,1,,
280,エレナ,驚き,「ま、まさか！」,0,,
281,エレナ,焦り,「誘拐されちゃった……とか！？」,0,,
282,ダスティン,,「可能性はゼロではないが、恐らく違うな」,0,,
283,エレナ,疑問,「どうして言いきれるの？」,0,,
284,ダスティン,,「一匹だけ攫うとは考えられん」,0,,
285,ダスティン,,「それに、こんな辺鄙な場所に来る人間はそうおらん」,0,,
286,エレナ,コミカル凹み,「そ、それはそうかもだけど……」,0,,
287,ダスティン,,「しかしだな、人の誘拐はなくとも別の者の可能性は捨てきれん」,0,,
288,エレナ,疑問,「えっ？　動物……とか？」,0,,
289,ダスティン,真剣,「否、笛吹きの仕業やもしれん」,0,,
290,エレナ,焦り,「笛吹き？」,0,,
291,ダスティン,,「この話は口にするのも恐ろしいが……聞く勇気はあるんだろうな？」,0,,
292,エレナ,,「え～、でもそんなの聞いてる場合じゃ……」,0,,エレナの頬を一筋の汗が伝い、固唾を飲む。
293,シン,,"ま～た始まった。
どうしてこうも緊張感に欠けるんだろうな、この二人は。",0,,
294,,,,1,,演出：場面転換
295,,,,1,,BG：山羊小屋裏
296,,,,1,,シンは小屋の小窓を注視したのち、歩み寄る。
297,,,,1,,SBG：小屋の小窓
298,,,この小窓……建付けが悪い。,0,,
299,,,いつもは閉まっていたハズ。……あぁ、そういうことか。,0,,
300,,,,1,,"シンが小屋の中に戻ると、二人の論争はヒートアップしていた。
話は途切れず、呆れ気味に静観している。"
301,,,,1,,演出：場面転換
302,ダスティン,,「そして、誘拐された子ども達はだな……今でも森の中で―――」,0,,
303,ダスティン,迫真,「笛の音とともに踊り狂っておるのだ！！！！！」,0,,
304,エレナ,楳図かずお,「ギャ―――――――ッッ！！」,0,,
305,,,,1,,恐ろしい話に驚き、エレナは身体をガクガクと上下に震わせる。
306,エレナ,焦り,「シンさん！やっぱり、キョーコは攫われちゃったんですよ！笛吹きに！」,0,,
307,,,,1,,その勢いでシンにしがみ付くように接近する。
308,シン,,「はぁ？」,0,,
309,ダスティン,ニヤけ,「う～む……十中八九違いないだろう……」,0,,
310,,,,1,,エレナの後ろで笑いを堪えるダスティンが見える。
311,,,見るからに悪巧みをしている、いつもの顔だ。,0,,
312,エレナ,,「わっ」,0,,
313,,,,1,,シンはエレナを押し除け話を進める。
314,シン,,「与太話は終わりそこまでにしてくれ」,0,,
315,シン,,「原因が分かった」,0,,
316,,,,1,,演出：場面転換
317,ダスティン,通常,「あぁ、こりゃ完全に緩んどるわ」,0,,
318,エレナ,不安,「ホントかなぁ……？」,0,,
319,シン,,「少なくとも、下らない迷信よりは」,0,,
320,エレナ,コミカル誤魔化し,「ま、まぁ？　わたしはそうだと思ってましたケド」,0,,
321,エレナ,,「面白そうな話だったから、付き合ってあげてただけです」,0,,台詞終了後、通常に戻る
322,,,嘘つけ。,0,,
323,ダスティン,,"「ふむ、日も暮れん内に連れ戻さんとな。
そこいらで道草を食っていれば良いんだが」",0,,
324,エレナ,疑問,「キョーコは怖がりだし、そんなに遠くには行ってないと思う……多分」,0,,
325,ダスティン,,「捜索はお前さん方2人に任せても平気か？」,0,,
326,エレナ,ドヤ,「！！　ふふ～ん？　任せてよ！」,0,,
327,シン,,「3人で探した方が早い」,0,,
328,ダスティン,,「状況は重々承知だが、ワシも明後日に向け仕事が山積みだ」,0,,
329,ダスティン,,「それに、この小窓は誰が修理すると思う？」,0,,
330,シン,,「あー……」,0,,
331,,,絶妙に納得したくない自分がいる。,0,,
332,エレナ,笑顔,「わたしとシンさんならできます！」,0,,
333,シン,,「2人で手分けして―――」,0,,
334,エレナ,怒り,「ダメですっ！　シンさんは方向音痴なんですから！」,0,,
335,シン,,「ぐっ……」,0,,
336,エレナ,,「それに、飼育係のわたし達が責任を持ってやらないと！」,0,,
337,シン,,「任命された覚えは無いぞ」,0,,
338,エレナ,,「細かいことは置いといて！　行ってくるね、おじさん！」,0,,
339,ダスティン,,「何かあればすぐに呼ぶんだぞ？」,0,,
340,エレナ,,「大丈夫！　何も起きないから！　シンさんもいるし！」,0,,
341,ダスティン,,「ワシから言っておいてなんだが……エレナも病み上がりだ。　頼むぞ」,0,,
342,シン,,「分かってますよ」,0,,
343,,,,1,,演出：場面転換
344,,,,1,,"BG：森の中
ME：森の中"
345,エレナ,笑顔,「～～～♪」,0,,
346,シン,,「山羊が居なくなったのにご機嫌だな」,0,,
347,エレナ,怒り,「……！　心配は心配です！……けど」,0,,
348,,,「ついに！　ですよ！」,0,,
349,シン,,「何がだ」,0,,
350,エレナ,悪だくみ,「えへへ、これはおっきくて最高のチャンス……！！」,0,,
351,シン,,「チャンス？　最悪の事態の間違いだろ」,0,,
352,エレナ,ドヤ,「オトナになるための勉強であり特訓！　その成果を見せる時がきました！」,0,,
353,シン,,「山羊探しがか？」,0,,
354,エレナ,プンスカ,「お・じ・さ・ん・が、いないのが大事なんです！」,0,,
355,エレナ,,「トラブルが起こった時、おじさんはいつも頼りになりますよね？」,0,,
356,シン,,「まぁ」,0,,
357,エレナ,通常,「でも、今回はいない……なら！」,0,,
358,エレナ,,「わたし達だけでもできるんだぞって見せれば……」,0,,
359,エレナ,悪だくみ,「まっ、勘のいいシンさんなら分かってると思いますけど？」,0,,
360,シン,,「分からない」,0,,
361,エレナ,迫真,「すっかりオトナになりおってからに……！　エレナよ、お前はもう一人前だ！」,0,,
362,エレナ,笑顔,「……って言うに違いないです！」,0,,
363,エレナ,ドヤ,「おじさんもこれで、わたしのを立派でオトナでパーフェクトだと認めざるを得ません！」,0,,
364,,,そんな都合良く進んだ試しは無い。,0,,
365,,,,1,,シンはエレナの単純さに呆れかえり、言葉を失う。
366,シン,,「あー、そうかもな」,0,,
367,エレナ,笑顔,"「ですよね？　ですよねっ！？
くふふ、今からワクワクしてきました！！」",0,,
368,,,楽しそうで羨ましいよ。,0,,
369,エレナ,,「パーフェクトで完璧な作戦なんですから、失敗はナシです！」,0,,
370,シン,,「……色々言ってるが、この草むしりに意味はあるのか？」,0,,
371,エレナ,怒り,「クローバー！　キョーコの大好物です！」,0,,
372,エレナ,悪だくみ,「見つけても逃げられちゃ意味ないですから、エサを用意しておく……」,0,,
373,エレナ,ドヤ,「まさしく頭脳プレー！」,0,,
374,,,どこがだよ。,0,,
375,シン,,「自信があるなら目星は付いてるんだろうな？」,0,,
376,エレナ,ドヤ,「こっちです！」,0,,
377,,,,1,,エレナは勢いよく中央から左へ移動して、視界から出て行く。
378,エレナ,焦り,「あ！　こっちかも！？」,0,,
379,,,,1,,再び左から出現して右へ向かう。
380,エレナ,疑問,「いつもの散歩道……あ、いや、でも～う～ん……」,0,,
381,,,,1,,その後、ゆらゆらと往復を繰り返す。
382,,,……先が思いやられる。,0,,
383,,,,1,,演出：場面転換
384,,,,1,,"BG：河原
ME：河原"
385,,,山羊どころか生き物の気配すら感じない寒々しさ。,0,,
386,エレナ,しかめっ面,「プッ！　ふぅ～～！！」,0,,顔を真っ赤にしながら
387,シン,,「何してる？」,0,,
388,エレナ,通常,「指笛吹けばやって来てくれるかな～って」,0,,
389,シン,,「まったく吹けてない」,0,,
390,エレナ,照れ怒り,「練習中ですっ！」,0,,
391,シン,,「普段から使ってないないなら意味なくないか」,0,,
392,エレナ,不満,「それはそうですけど……もう、分かりましたよ」,0,,
393,シン,,「頼むから、もう少し緊張感を持ってくれ」,0,,
394,エレナ,通常,「キョーコ～～～～！！！」,0,,
395,シン,,「ッ！！！！！」,0,,
396,,,こ、鼓膜が破れるかと思った……。,0,,
397,エレナ,疑問,「う～ん、いないのかなぁ……」,0,,
398,シン,,「きゅ、急に叫ぶな。……さっさと次行くぞ」,0,,
399,,,,1,,演出：場面転換
400,,,,1,,BG：山の小道
401,エレナ,,「キョーコ～～！！　どこにいるの～～～～！？」,0,,
402,,,"随分と森の奥まで来てしまった。
こんな場所には居そうには思えないが。",0,,
403,シン,,「かなり探し回ったが」,0,,
404,シン,,「……次は？」,0,,
405,エレナ,ギクッ,「えっ～と……どうしましょう？」,0,,
406,シン,,「手詰まりか」,0,,
407,エレナ,照れ,「あはは～……」,0,,
408,シン,,「だと思った」,0,,
409,,,,1,,演出：場面転換
410,,,,1,,BG：昼の空15：30
411,,,"探せる場所は全て回った。
このままだと、一向に見つからずに時間だけが経過していく一方……。",0,,
412,,,俺も山羊が何処へ行くかなんて見当が付かない。,0,,
413,,,,1,,"完全に手詰まりになった二人は、森の開けた場所で作戦会議という名の休憩中。
シンはちょっとした小話として視点を下げ、エレナを見据えた。"
414,,,,1,,BG：森の休憩所
415,シン,,「毎朝こんなルートで散歩してるのか？」,0,,
416,エレナ,,「いつもここで離して、自由に歩かせてあげてます」,0,,非表示
417,シン,,「凄い胆力だ」,0,,
418,エレナ,デレデレ,「えへへ、そう思います？　わたしはあの子たちのお姉さんじゃないといけないので！」,0,,
419,エレナ,,「3人は仲良しですし、ヤギは怖がりなのであまり遠くには行かないんです！」,0,,非表示
420,シン,,「現在進行形で一匹脱走してる」,0,,
421,エレナ,,「それはそうですケド……」,0,,
422,,,,1,,演出：場面転換
423,,,,1,,シンの視点は背景にシフトし、辺りをゆっくりと見回し始める。
424,,,,1,,SBG：森の開けた場所
425,,,,1,,演出：場面転換
426,,,,1,,BG：森の開けた場所
427,エレナ,落胆,「……お家がイヤになっちゃったのかな」,0,,
428,シン,,「ノイローゼになって家出したって？……想像力が豊かすぎやしないか」,0,,
429,エレナ,怒り,「か、からかわないでください！」,0,,
430,シン,,"「外敵の危険性から身を守れる安全な寝床。
食事だって気が向いた時に食べられるし、休みたい時に休める」",0,,
431,シン,,「生き物にとっては、これ以上にない理想的な環境」,0,,
432,シン,,「それのどこに不満を覚えるって？」,0,,
433,エレナ,怒り２,「同じ状況で満足できてない人を知ってますから！」,0,,
434,シン,,「……まさか、俺のことか？」,0,,
435,エレナ,ジト目,「…………」,0,,
436,,,反応を見るにそうらしい。,0,,
437,シン,,「俺は――――」,0,,
438,シン,,「……じゃなくて。　山羊と俺を一緒にするな」,0,,
439,エレナ,ドヤ,「同じ家族に変わりありません！」,0,,
440,シン,,「お前基準で推し量るなよ……馬鹿らしい、早く再開するぞ」,0,,
441,,,家族家族って……いつもこうだ。　いい加減、耳にタコが出来る。,0,,
442,,,,1,,演出：場面転換
443,,,,1,,BG：森の中17:00
444,,,時刻は夕方。……引き際だな。,0,,
445,シン,,「そろそろ戻るぞ」,0,,
446,エレナ,傷心,「えっ……でも……」,0,,
447,シン,,「これ以上は得策じゃない。　灯りも持って来ていないしな」,0,,
448,エレナ,笑顔,「だったら灯りを持って来て探しましょうよ！」,0,,汗を垂らし、焦りが滲み出ている
449,シン,,「足元を照らすので精一杯だ。　そんなので探すには無理がある」,0,,
450,エレナ,ショック,「でも、キョーコは大切な家族なんです！　見捨てるなんて……！」,0,,
451,シン,,「明日の早朝、ダスティンさんも交えて探せばいい」,0,,
452,エレナ,,「イヤです！」,0,,
453,シン,,「とっくに家に戻ってる可能性だってある」,0,,
454,エレナ,,「わたしには分かるんです！　戻ってません！」,0,,
455,シン,,「あのなぁ……」,0,,
456,エレナ,プンスカ,「今は子どもで結構です！　戻りたいなら勝手にどーぞ！」,0,,
457,シン,,「……ふざけるな。　あの人に無用な心配をかけたいのか？」,0,,
458,,,,1,,激昂したシンはエレナに詰め寄る。
459,エレナ,焦り,「シンさんには分かりっこない気持ちだもん……」,0,,
460,エレナ,,「わたしはお姉さんだから、しっかりしないといけないのに……！！」,0,,自分が悪いという自責の念から涙が零れ落ちそうになっている
461,エレナ,,「キョーコ、一人できっと怖がってる！」,0,,
462,シン,,「そう思っているなら、尚更明日に回せ」,0,,
463,,,「わたしが―――」,0,,
464,,,,1,,
465,シン,,「！！」,0,,
466,,,,1,,
467,エレナ,紅潮,「ハァ……ハァ……」,0,,
468,シン,,「やっぱりお前……まだ具合が悪いんだろ？」,0,,
469,エレナ,,「クラッと来ただけで……」,0,,
470,シン,,「強がるな」　,0,,
471,,,冷や汗が滲み、顔色も悪い。,0,,
472,,,無理をしているかもしれないと薄々思っていたが……。,0,,
473,エレナ,焦燥,「帰ったらおじさんガッカリしちゃうよ……！　わたしは役立たずだって……」,0,,何かにとてつもなく焦っている様なシリアスな表情
474,シン,,「…………」,0,,
475,シン,,「まったく手が焼ける。……お前は帰れ」,0,,
476,エレナ,,「……シンさんは？」,0,,再び視線を戻し、シンを見つめる
477,シン,,「お前の分まで何とかする」,0,,
478,エレナ,,「でも方向音痴……」,0,,
479,シン,,「黙れ。　人の心配をしている場合か……さっさと帰れ」,0,,
480,エレナ,,「で、でも……」,0,,
481,シン,,「足手まといだ」,0,,
482,エレナ,,「…………」,0,,
483,エレナ,,「な、なら！　これ……」,0,,
484,,,,1,,
485,,,何だ？　この絶望的センスのハンカチは……。,0,,
486,エレナ,,"「ケガでもしたら危ないです。
シンさん、いっつも何も持たずに外出ちゃうし……」",0,,
487,エレナ,,「ホントはイヤですけど、もし道に迷いそうになった時は破いても……」,0,,
488,シン,,「……念のため預かっておく」,0,,
489,エレナ,,「シンさん」,0,,
490,エレナ,,「ごめんなさい。　もっと、わたしがしっかりしてれば……」,0,,
491,シン,,「たらればは好かない。……いいから戻って休め」,0,,
492,,,,1,,演出：場面転換、カメラをシェイク
493,,,,1,,"BG：常世の森　入口
SE：ザッザッ"
494,,,心配するエレナを他所に、俺は森の奥へ踏み込んだ。,0,,
495,,,やかましい声が無いだけで清々しい気分。……そこまでは良かった。,0,,
496,,,今問題があるとすればそれは―――,0,,
497,,,……完全に道に迷ったことか。,0,,
498,,,,1,,一度歩くのをやめて空を見上げる。
499,,,,1,,カメラシェイク切
500,,,,1,,"BG：常世の森(空)
SE：なし"
501,シン,,「はぁ……」,0,,
502,,,自分の馬鹿さ加減には呆れる。,0,,
503,,,さっさとエレナを連れて戻るべきだった。,0,,
504,,,山羊が一匹居なくなろうが、俺には関係ない。,0,,
505,,,前ならそう思えた。,0,,
506,,,でも今は―――,0,,
507,,,,1,,演出：Wait２秒
508,,,,1,,BG：常世の森入口
509,,,どちらにせよ、途方に暮れている暇はない。,0,,
510,,,もうとっくに薄暗いし、今更だ。,0,,
511,,,山羊を探す、そして帰る。　それだけを考えろ。,0,,
512,,,,1,,SE：笛
513,シン,,「！！」,0,,
514,,,笛の……音？,0,,
515,,,,1,,この瞬間、先程のダスティンの話を思い出すシン。
516,,,,1,,演出：画面セピア
517,,,,1,,BG：山羊小屋
518,ダスティン,,「笛吹きの仕業やもしれん」,0,,
519,エレナ,,「笛吹き？」,0,,
520,,,,1,,画面セピア終了
521,,,,1,,BG：常世の森入口➁
522,,,,1,,SE：笛
523,,,また……聴こえた。,0,,
524,,,,1,,
525,,,この先から……。,0,,
526,,,冷静に考えれば、人が居てもおかしくない。,0,,
527,,,ハンターだとか、商人だとか……見たことはないが。,0,,
528,シン,,「……よし」,0,,
529,,,怖くて動けないなんて、はぐれて泣き喚く子どもと同じだろ。,0,,
530,,,とにかく、進んでみれば状況も変わるだろう。,0,,
531,,,,1,,演出：場面転換
532,,,,1,,BG：常世の森
533,,,随分と暗いな。……時間の感覚がおかしくなりそうだ。,0,,
534,シン,,「首輪……？」,0,,
535,,,,1,,演出：下を見るようにカメラ移動
536,,,,1,,SBG：常世の森地面
537,,,,1,,CI：首輪
538,,,あの山羊が付けていた物か。,0,,
539,,,,1,,CI終了
540,,,,1,,SC：掌(血)
541,,,赤い……血液……？,0,,
542,,,,1,,演出：Wait5秒
543,,,まさか……。,0,,
544,,,考えられる可能性は一つ。,0,,
545,,,野犬か、もしくは同等の何かに襲われた……。,0,,
546,,,まだ希望はある。……真偽は血の跡を追っていけば分かる。,0,,
547,,,,1,,SBG：血の跡が付いた地面
548,シン,,「…………」,0,,
549,,,深呼吸。　落ち着けよ、まだ決まったワケじゃない。,0,,
550,,,,1,,SBG：木
551,シン,,「ッ……！」,0,,
552,,,な、なんて醜悪な臭い……！,0,,
553,,,,1,,SC：木に手を乗せる
554,,,,1,,演出：Wait２秒
555,,,"不要な好奇心なのは分かっている。
血の付いた首輪―――その末路は、火を見るより明らか……。",0,,
556,,,どんな形であれ連れ戻す。　そういう約束。,0,,
557,,,だから、確認しなければならない。,0,,
558,,,,1,,
559,,,,1,,
560,,,嘲笑うかのように飛び交う羽虫は生理的嫌悪を刺激し、色濃く鼻を劈く悪臭は目に染みる。,0,,
561,,,見えずとも、一寸先の地獄は想像に難くない。,0,,
562,シン,,「は……？」,0,,
563,,,,1,,暗闇の先に、膨らんだ肉片らしき物体が薄っすら見える。
564,,,,1,,
565,シン,,「！！！」,0,,
566,,,,1,,
567,シン,,「ッ……！！　おええッ！」,0,,
568,,,落ち着け……理路整然としろ。　感情を整えろ。,0,,
569,,,ここで発作なんて起こしたら、正気を保てない……！！,0,,
570,？？？,,「ふ～ん、見ちゃったんだ？」,0,,
571,シン,,「！？」,0,,
572,？？？,,「分かりやすい驚き方。　ここにヒトが居るかも～って、思ったから来たんじゃないのぉ？」,0,,
573,,,さっきまで人の気配すら無かったのに……いつの間に？,0,,
574,？？？,,「もっと慌てると思ったんだけどなぁ～……冷静ぶっててつまんない」,0,,
575,？？？,,「……ん～？　その首輪……」,0,,
576,？？？,,「へぇ～？　わざわざ山羊を追って此処まで来ちゃったの？」,0,,
577,,,背丈はエレナと同じ……子ども……か？,0,,
578,,,,1,,
579,,,ッ……！　何だ、この胸騒ぎ……。,0,,
580,,,目の前の存在について考えるほど……ますます分からなくなる。,0,,
581,,,影を無理にでも掴みにかかっているような……。,0,,
582,？？？,,「あぁ～、私について深く考えてくれるのは嬉しいけどさぁ……まだダメだよ」,0,,
583,？？？,,「宇宙の生い立ちについて考えるのと同じぐらいの無理難題」,0,,
584,？？？,,「で、山羊を追って来たんでしょ？」,0,,
585,？？？,,「それなら、さっき見た”アレ”に違いないんだけどなぁ」,0,,
586,シン,,「！！」,0,,
587,シン,,「お前が……やったのか？」,0,,
588,？？？,,「う～ん？　呼び出したのは私だよぉ？」,0,,
589,,,,1,,SE：笛の音
590,？？？,,「……こうやって、ね」,0,,
591,？？？,,「耄碌ジジイから聞いたんでしょ？　笛吹の伝承」,0,,
592,？？？,,「あんな見え透いた作り話は信じられない。　だから来ちゃった、と」,0,,
593,？？？,,「でもダメだよぉ？　”警告”はしっかり聞かないと」,0,,
594,シン,,「…………」,0,,
595,？？？,,「ま、言われてもピンと来ないかぁ～……」,0,,
596,シン,,「いったい……何の話をしてる？」,0,,
597,？？？,,「お兄ちゃんはね？　自分で思ってるよりも周りに影響を与えているんだよぉ？」,0,,
598,？？？,,"「出会いや別れ。　喜びと悲しみ。
どんな些細な出来事でも、糸の結び目のように絡まり合い、絶妙なバランスで張り詰めてる」",0,,
599,？？？,,「例え蝶の羽ばたき程度だったとしても、一つの結び目を解れさせるには十分」,0,,
600,？？？,,「やがて元には戻せなくなる。　誤魔化しきれない綻びが幾つも連なっていくの」,0,,
601,？？？,,「山羊はねぇ、本来死ぬ”予定”じゃなかったんだ」,0,,
602,シン,,「”予定”……だと？」,0,,
603,？？？,,「山羊を探しに出た二人は幾多の冒険を共にして、無事に見つけましたとさ！」,0,,
604,？？？,,「シンプルですっご～く、簡単なお話で済む筈だったのに……どうしてこうなっちゃったのかなぁ？」,0,,
605,シン,,「まさか……俺のせい……だと？」,0,,
606,？？？,,"「そうだよ？　筋書きを捻じ曲げたのはお兄ちゃんの一挙手一投足。
私はそれがどう転ぶか、賽を振ってみただけ」",0,,
607,？？？,,「世界は幸福しか許さない。……故に、不幸である私の存在は許されない」,0,,
608,？？？,,「お兄ちゃんにとって、この状況は”幸福”？　それとも”不幸”？」,0,,
609,シン,,「……不条理だろ」,0,,
610,？？？,,「ふ～ん……？　あっそ。　それも一つの答えかぁ」,0,,
611,シン,,「俺がこの状況を招いただとか、信じられるワケない」,0,,
612,,,「崇高な運命論者気取りが……正体ぐらい明かしたらどうだ」,0,,
613,？？？,,「ふふっ……そっかぁ、私が気になる？　気になるよねぇ？」,0,,
614,？？？,,「今日は私もお兄ちゃんに会えて気分が良いし―――」,0,,
615,,,,1,,
616,,,夢だ。　これは夢に違いない。　でないと説明がつかない。,0,,
617,,,,1,,
618,エレナ？,,「お兄ちゃんには、私が”どう見えてる”のかなぁ～？」,0,,
619,,,この状況をどう解釈すればいい？……どうすれば自分を納得させられる？,0,,
620,,,夢……？　それ以外にあるのか？,0,,
621,シン,,「エレナ……」,0,,
622,エレナモドキ,,「へぇ～、お兄ちゃんにはそう映るんだ？　ちょっと心外かも」,0,,
623,,,,1,,
624,シン,,「…………」,0,,
625,エレナモドキ,,「ねぇ、どうしてまた黙っちゃったの？」,0,,
626,エレナモドキ,,「言いたくない？　いいよ？　直接聞くから」,0,,
627,,,,1,,
628,シン,,「ッ……！」,0,,
629,エレナモドキ,,「え～っと……不安、後悔、驚愕……恐怖もひとつまみ……でも違う」,0,,
630,エレナモドキ,,「―――絶望。　そっかぁ、絶望してるんだね？」,0,,
631,エレナモドキ,,「山羊、死んだら悲しむもんねぇ？……いったい、どんな顔するのかなぁ」,0,,
632,エレナモドキ,,「わ・た・し」,0,,
633,シン,,「や、やめ……ろ！」,0,,
634,,,,1,,シンはエレナモドキを突き飛ばそうとするが、すり抜けて倒れてしまう
635,,,,1,,"演出：カメラズーム
SE：ドサッ"
636,シン,,「ッ！？」,0,,
637,,,,1,,SBG：地面
638,,,すり抜けた……！？,0,,
639,エレナモドキ,,「せっかち」,0,,非表示
640,,,,1,,シンは咄嗟に立ち上がりエレナモドキを見据える
641,,,,1,,BG：常世の森➁
642,エレナモドキ,,「……いきなりなんて駄目だよ。　お兄ちゃんが壊れちゃう」,0,,
643,シン,,「何だよお前は……！！……何なんだよ！？」,0,,
644,,,山羊は死んだ。　到底、生き物らしくない最期を迎えた。,0,,
645,,,それは俺のせいだと。,0,,
646,,,奴は風貌を変え、人を惑わし、堕落させようとする。,0,,
647,,,俺の前に居るのは悪魔だ……！　間違いなく……！,0,,
648,,,,1,,発作が酷くなりシンの視界が霞む
649,,,,1,,"演出：視界ぼやけ
SE：心臓の鼓動"
650,シン,,「ハァ……ハァッ……！！　ぐうッ……！！」,0,,
651,,,限界だ……もう……！,0,,
652,エレナモドキ,,「ヒドイなぁ～？　悪魔呼ばわりなんて」,0,,
653,エレナモドキ,,「私はねぇ……お兄ちゃんを知ってるよ？」,0,,
654,,,,1,,シンへ急接近するエレナモドキ
655,,,,1,,演出：エレナモドキ拡大
656,エレナモドキ,,「ずっと、一緒だったから」,0,,
657,,,,1,,"演出：ノイズエフェクト
BG：暗闇の地下室"
658,,,暗い地下で独り―――嘆きは何処にも届かない。,0,,
659,,,足掻き、藻掻き、それでも朽ちる事なく存在し続ける。,0,,
660,,,それが私に与えられた罰。,0,,
661,,,ひっそりと……世界の底で、誰にも悟られずに。,0,,
662,,,,1,,
663,シン,,「ハアッ……ハァッ……！！　ふっ、フッ……！」,0,,
664,,,,1,,シンは当てもなく走り続ける
665,,,,1,,"演出：カメラ上下にシェイク＆ズーム
SE：ダッダッダッ
エレナモドキ非表示"
666,,,一刻も早くこの場から離れないと……！,0,,
667,,,とにかく遠く……遠くへ……！！,0,,
668,エレナモドキ,,「これはねぇ、呪いなの」,0,,
669,,,,1,,右からスッと現れるエレナモドキ
670,シン,,「くッ……！？」,0,,
671,,,距離を離したのに……！,0,,
672,エレナモドキ,,「暗くて狭くて誰も居ない場所で……私は生まれた」,0,,
673,エレナモドキ,,「幸福ってね？　誰かが享受する分だけ、他の誰かは不幸を被るように出来てて」,0,,
674,エレナモドキ,,「誰もが幸せになる結末(ハッピーエンド)は存在しない」,0,,
675,エレナモドキ,,「求めても手に入らないなら、奪うしかない。　お兄ちゃんもそう思うよねぇ？」,0,,
676,エレナモドキ,,「”私達”には、その権利があるんだから」,0,,
677,シン,,「ふ、ふざけるな。　何が権利だ……！」,0,,
678,エレナモドキ,,「いい加減、飽き飽きしてるでしょ？　こんな生活」,0,,
679,エレナモドキ,,"「生意気なガキとうんちくジジィに毎日こき使われて。
私だったらぜ～ったいに、イヤ」",0,,
680,エレナモドキ,,「でも私なら、排水溝のドブみたいに詰まった感情の柵から解放してあげられる」,0,,
681,,,あってたまるか……！　俺の常識に、俺の世界に、こんな非常識は存在しない！,0,,
682,エレナモドキ,,「あり得るよぉ。　だってそれは”思わされている”だけなんだから」,0,,
683,シン,,「うッ、うああああァァァ！！」,0,,
684,,,駄目だ、治まらない……！　苦しい……！　いつもならすぐ……どうして……！！,0,,
685,エレナモドキ,,「苦しい？　苦しいよね？　どうしてか分かる？」,0,,
686,シン,,「積み重ねてきた罪の重さ、”罪重ね”の跳ね返りがお兄ちゃんを蝕んでる証拠」,0,,
687,エレナモドキ,,「だから解放してあげるの。　そうすれば、記憶だって元に戻るよ」,0,,
688,,,,1,,
689,シン,,「……！？」,0,,
690,エレナモドキ,,「あーあ、来ちゃった。　思ったより早かったねぇ」,0,,
691,エレナモドキ,,「人との情事をジャマするなって”ガッコウ”で習わなかった？」,0,,
692,少年と少女,怒り,「…………」,0,,
693,エレナモドキ,,「怖い顔……いつも私だけ悪者扱いしてさぁ……不愉快なんだけど」,0,,
694,少年と少女,,「…………」,0,,
695,エレナモドキ,,「いい加減―――」,0,,
696,,,,1,,ブンッと謎の衝撃波のような音で辺りは静まり返る
697,,,,1,,"演出：画面フラッシュ
SE：ブゥゥゥゥン"
698,エレナモドキ,,「ッ……！」,0,,
699,少年と少女,,「…………」,0,,
700,エレナモドキ,,「はいはい。　舌無しのクセにうるさいなぁ……どうせ”覚えてない”ってば」,0,,
701,エレナモドキ,,「出て来られたんだし、遊ぶぐらいいいじゃん……」,0,,
702,エレナモドキ,,「良かったね、お兄ちゃん？　あ！　そうそう、最後に一つだけ忠告」,0,,
703,エレナモドキ,,「破綻は取り返しのつかない所まで進んでる。……どうなるかは私にも分からないの」,0,,
704,エレナモドキ,,「でも、此処にお兄ちゃんが求める幸福はない。　それだけは覚えておいてねぇ」　,0,,
705,,,「もう二度と、”常世の森”に来ちゃダメだよ？　キャハハハ！」,0,,
706,,,,1,,森へ消えていくように、フェードアウトしていくエレナモドキ。
707,,,,1,,演出：ぼやけたりぼやけなかったり繰り返す→画面暗転
708,,,“幾多の旅人を誘い呑み込み……果てさせた魔性の地がある。”,0,,
709,,,“光も届かなければ、生命の脈動すら感じられず。”,0,,
710,,,“進めば最後……還ること叶わず。”,0,,
711,,,いつの日か、エレナに聞いた森の伝承を思い出していた。,0,,
712,,,,1,,暗闇が続き、スポットライトが当てられる。　その場所にはエレナが背を向けてすすり泣いている
713,,,,1,,CG：在りし日のエレナ
714,エレナ,,「どうして……？　どうして……キョーコ……！！」,0,,
715,エレナ,,「きっとこの子は……外を見てみたかっただけ……！！」,0,,
716,エレナ,,「わたしと同じ……！！」,0,,
717,エレナ,,「だからって！！　死んじゃうぐらい……悪いことなんてしてないよ！！」,0,,
718,エレナ,,「大切な家族……だったのに……」,0,,
719,エレナ,,「もう……失くしたくなかったのに……！」,0,,
720,,,,1,,エレナの口元だけ写される。　頬には涙が流れている
721,,,,,,CG：在りし日のエレナ➁
722,エレナ,,「……そうだ」,0,,
723,エレナ,,「わたしには……本当の家族が……いた」,0,,
724,,,,1,,ハッとしたエレナは画面(シンの方向)を向く。　目元は見えない
725,,,,1,,CG：在りし日のエレナ③
726,エレナ,,「あなたは……誰？」,0,,
727,,,,1,,演出：場面転換
728,,,,0,,
729,エレナ,,「―――さん？　もしも～し？」,0,,
730,エレナ,,「ねぇ、シンさんってば！　聞いてますかっ！？」,0,,
731,シン,,「んっ……？……！」,0,,
732,,,,1,,シンは意識を取り戻し、飛び起きようとする
733,,,,1,,"演出：画面が上を向くように動く
SE：ガタンッ！！　パリン！"
734,シン,,「いっ！？」,0,,
735,エレナ,,「わあぁぁ！　お水～！」,0,,
736,,,しまった……。,0,,
737,ダスティン,,"「どうせ助平なことでも考えておったんだろうよ。
若しくはエレナの声量に腰でも抜かしたんだろう？　ガハハ！」",0,,
738,エレナ,,「そ、そんな大きな声出してないもん！」,0,,
739,,,,1,,演出：エレナズーム
740,エレナ,,「大丈夫ですか？　濡れちゃいました？」,0,,
741,シン,,「いや……少しだけ」,0,,
742,エレナ,,「台拭きがないので、ハンカチ……あれっ？」,0,,
743,エレナ,,「ポケットに入れてたのに……」,0,,
744,シン,,「これぐらい……始末は俺がやる」,0,,
745,エレナ,,「そ、そんなにおっきかったですか？……わたしの声」,0,,
746,シン,,「違う」,0,,
747,,,,1,,演出：ズームしているエレナの脇からダスティンがちょっかいをかける
748,ダスティン,,「ほ～れ、やっぱ助平なことだろうが」,0,,
749,シン,,「それも断じて違う」,0,,
750,,,夕食中にも関わらず考え事か。,0,,
751,エレナ,,「コップもそんなに数ないんですから気を付けないと」,0,,
752,シン,,「すまない」,0,,
753,エレナ,,「……？　ケガしてないならいいですケド……」,0,,
754,,,,1,,BG：食卓(夜)
755,ダスティン,疑問,「で、話の続きだが……」,1,,
756,エレナ,,「そうそう！　キョーコが木から降りられなくなってて！」,0,,
757,エレナ,,「そこでシンさんが登って助けてくれたの！」,0,,
758,エレナ,,「ねっ！」,0,,
759,シン,,「ん？　あぁ、そうだったか」,0,,
760,エレナ,,「あの時のシンさん、ちょっとだけカッコよかったなぁ～」,0,,
761,ダスティン,,「ほう？　木登りとな？　いやいや、ワシも若い頃はなぁ……」,0,,
762,エレナ,,「も～、言わなくても分かるよ。　どうせ毎日10本以上は登っておったわ～とか言うんでしょ！」,0,,
763,ダスティン,,「おお！　よく分かっておるじゃないか！」,0,,
764,エレナ,,「ふふ～ん？　おじさんが言うことなんて大体分かるから！」,0,,
765,ダスティン,,「生意気な娘に育ったモンだ！」,0,,
766,エレナ,,「や、やめてよ～！」,0,,
767,エレナ＆ダスティン,,「「あはははは！！」」,0,,
768,シン,,「…………」,0,,
769,,,……胸騒ぎ。,0,,
770,,,自分だけがズレているような……心ここに非ずといった気分だ。,0,,
771,シン,,「……？」,0,,
772,,,,1,,CI：ハンカチ
773,,,このダサいハンカチはエレナのか？　どうして俺のポケットに……。,0,,
774,,,,1,,"演出：透明度30％ぐらいのCG在りし日のエレナを挿入してフラッシュ
SE：ビビッ"
775,シン,,「いっ……！」,0,,
776,,,また頭痛……！,0,,
777,エレナ,,「シンさん？」,0,,
778,シン,,「……な、何でもない」,0,,
779,エレナ,,「はい？　って、それ！　わたしのハンカチ！」,0,,
780,エレナ,,「どこにあったんですか？」,0,,
781,シン,,「ポケットに、入ってた」,0,,
782,エレナ,,「えぇ？　今日、ずっとわたしが持ってたような……？」,0,,
783,エレナ,,「もう、いくらこのハンカチが可愛いからって勝手に持ち出しちゃダメですよ？」,0,,
784,,,誰がいるか。,0,,
785,シン,,「……ふぅ」,0,,
786,,,いつにも増して疲れが酷いな……ちっとも頭が冴えない。,0,,
787,ダスティン,通常,「ま、ともあれ今日は皆ご苦労だった」　,0,,目を瞑り、サラッと受け流そうとする
788,エレナ,悪だくみ,「キョーコも無事に見つけられたし！　わたし達の力で！」,0,,
789,,,,1,,演出：ダスティンのいる方向へわざとらしくすり寄るエレナ
790,,,どこが作戦だよ。　これじゃ恩の着せ売りだろ。,0,,
791,ダスティン,笑顔,「その件も感謝しておる」,0,,
792,エレナ,笑顔,「でしょっ！？　そう思うよね！？」,0,,
793,エレナ,超絶天狗,"「くふふ……！！
わたしもこれで一人前だし、もっと頼ってくれていいんだけどな～？",0,,
794,,,,1,,
795,エレナ,,「いだっ！」,0,,
796,ダスティン,呆れ,「しかし、うつつを抜かしてはいかんな。　まだ勉学の途中だろう」,0,,
797,エレナ,不満,「でも、前よりも読めるし書けるもん！」,0,,涙目
798,ダスティン,,「まだまだ、シン大先生は免許皆伝とはいかんようだが？」,0,,
799,エレナ,,「む～～っ……」,0,,
800,ダスティン,,「さて、シンよ。　明日は久しく薪割といこうじゃないか」,0,,
801,シン,,「エレナが代わりにやる」,0,,
802,エレナ,驚き,「ええっ！？　わたし！？」,0,,
803,シン,,「明日の家事当番だからな」,0,,
804,エレナ,ショック,「ええ？　明日はシンさんの番ですよ？」,0,,え～、からショックに変更
805,シン,,「今朝話しただろ」,0,,
806,エレナ,,「そ、そうでしたっけ？」,0,,
807,ダスティン,,「まぁまぁ、それも良いが―――」,0,,
808,ダスティン,,「一つ面白い話でもしてやろう」,0,,
809,エレナ,ワクワク,「えっ！　なになに！？　聞かせて！」,0,,
810,ダスティン,,「ご注目ッ！　今からするのは、砂漠で遭難した旅人の話！」,0,,
811,,,,1,,ダスティンは一瞬だけ席を外し、再び戻って来た。
812,ダスティン,,「ふぃ～、エレナの奴は相も変わらず長風呂……と来れば！」,0,,
813,ダスティン,にやけ,「飲むだろう？」,0,,
814,シン,,「酒は飲めない」,0,,
815,ダスティン,笑顔,「ガハハ！　安心せい！」,0,,
816,シン,,「水？」,0,,
817,ダスティン,微笑,「果汁にハーブのエキスを加えた特製飲料。　疲れた日にゃ、コレだろ」,0,,
818,シン,,「どうも」,0,,
819,,,喉越しは悪くなく、確かに暑い日には最適な飲み物だな。,0,,
820,,,鼻から抜ける爽やかな風味のお陰で幾分か涼しく感じられる。,0,,
821,シン,,「こういった物も作るなんて、意外だ」,0,,
822,ダスティン,お茶目,「ワシも昔は女子力が売りの美男子故に、巷で有名だったんだぞ？」,0,,
823,,,嘘つけ。,0,,
824,ダスティン,,「信じられん、という顔をしおって。　まぁいいわ」,0,,
825,ダスティン,通常,「お前さんが此処へ来て、はや一ヵ月」,0,,
826,ダスティン,,「生活にも慣れただろう？」,0,,
827,シン,,「不便はしなくなった」,0,,
828,ダスティン,,「そうか」,0,,
829,ダスティン,,「こう見えてな、お前さんが来たばかりの頃はどうなる事かと冷や冷やしておったんだぞ？」,0,,
830,ダスティン,,「しかし、よくやっておるわ。　てっきりすぐにでも根を上げると思っておった」,0,,
831,シン,,「俺はただ、やるべきことをしてるだけで……」,0,,
832,,,,1,,演出：Wait２秒
833,シン,,「……まぁ、最初は嫌だった」,0,,
834,シン,,「飽きるほどの自然と瓦礫の山。　なりふり構わずはしゃぎ回る騒がしい人達」,0,,
835,シン,,「安心と静寂が此処の取り柄だろうに、記憶の手掛かりを探す暇さえ見つけられない」,0,,
836,ダスティン,,「ま、そのお陰で退屈はせんかっただろう？」,0,,
837,シン,,「多少は」,0,,
838,シン,,「……お陰で、退屈しなかったせいか」,0,,
839,シン,,「近頃はそう思えない。　いや、嫌だと思わない自分がいる」,0,,
840,シン,,「ここでの生活は、俺が想像していたよりも……悪くなかった」,0,,
841,ダスティン,,「……今日のお前さんはよく喋るわ」,0,,
842,ダスティン,,「人間、決断の際には出来る限り悔いは残さんとする。　まさにその典型よな」,0,,
843,ダスティン,,「お前さんの饒舌さから察するに―――」,0,,
844,シン,,「ああ」,0,,
845,シン,,「そろそろ……」,0,,
846,,,,1,,画面暗転
847,,,「此処を発つ」,0,,
848,,,,1,,画面暗転終了
849,ダスティン,酔っぱらい,「……かぁ～ッ！　酷暑の晩に飲む酒ほど身体に染みるモンはない！」,0,,
850,シン,,「飲み過ぎるとエレナに怒られる」,0,,
851,ダスティン,睨み,"「あぁ～？　今日は特別だろう？
生を祝し、かの地に感謝すれど神は要らず―――古くからのことわざだ」",0,,顔を真っ赤にしながら
852,シン,,「もうこの地に信じる神は居ない、と。……えらく罰当たりだ」,0,,
853,ダスティン,,「ヒック。　そうかぁ？　言い得て妙だと思うがなァ」,0,,
854,シン,,「ただでさえ弱いのにそんな飲み方。　ロクな死に方をしない」,0,,
855,ダスティン,迫真,"「ブァッカモン！　死に方にイイもクソも弱いもあるか。
んなモン、気にしておったらキリがないわ」",0,,
856,,,はぁ、今日の酔い方は特に酷い。,0,,
857,ダスティン,,「……これから先、迷うことも多々あるだろうがなァ」,0,,
858,ダスティン,,「お前はお前だァ……自身の心が赴くままに決めて、そして進んで行け」,0,,
859,シン,,「まさに俺が砂漠を彷徨う旅人になると言いたげだ」,0,,
860,ダスティン,,「……旅人は砂漠で幻覚を視た」,0,,
861,シン,,「そして藁にも縋る思いで追い続けて……道半ばで野垂れ死んだ」,0,,
862,シン,,「如何にもな話」,0,,
863,,,エレナはいつも通り真剣に聞き入っていたが、所詮は予定調和。,0,,
864,,,教訓を示すには浅はかさによる犠牲が良いと作り手は考えたに違いない。,0,,
865,ダスティン,,「なぁ、シンよ」,0,,
866,ダスティン,,「ワシはなァ……この話を思い出す度に思うんだ」,0,,
867,ダスティン,,「オアシスは本当に存在していたのやもしれん。……と」,0,,
868,シン,,「幻だと語っていたのはあくまでも語り部」,0,,
869,シン,,「だが、結末は一つ。　それ以外はあくまでも可能性」,0,,
870,,,やはりエレナの親だ。　アイツもこういう類の話には目がない。,0,,
871,ダスティン,,「だからこそ想像の余地が生まれるのよ。……ったく、分かっとらんなァ」,0,,
872,ダスティン,,「だが、この話には確かに続きがある」,0,,
873,シン,,「へぇ……てっきりアレで終わりだと思ってた」,0,,
874,ダスティン,,「……気になるか？」,0,,
875,シン,,「俺はエレナほど子どもじゃないし気にも留めてないが念のため聞いておく」,0,,
876,ダスティン,,「ほ～？　ま、続きはワシも知らんのだがな」,0,,
877,シン,,「……勿体ぶる意味が分からない」,0,,
878,ダスティン,,"「大昔の逸話ゆえ、ワシが読んだ頃にはとうに腐食しておった。
筋書き含め多少の脚色をして現在に至るというワケだ」",0,,
879,ダスティン,,「お前さんは、この結末をどう見る？」,0,,
880,シン,,「…………」,0,,
881,シン,,「特にない」,0,,
882,ダスティン,,「かぁ～！　なんじゃい！」,0,,
883,シン,,「今日は疲れた。……先に寝ます」,0,,
884,ダスティン,,「シャワーぐらい浴びたらどうだ？」,0,,
885,シン,,「朝に回しますよ。　アイツを待ってたら眠りこける」,0,,
886,ダスティン,,「たまには仲睦まじく共に入浴してやってもいいんじゃないか？　うむ、ワシも止めはせんぞ？」,0,,
887,シン,,「ナシだろ。　ふざけたことばかり言ってるとそのうち……」,0,,
888,ダスティン,,「どうした？　急に黙りおってからに」,0,,
889,シン,,「……別に。　ダスティンさんもさっさと寝た方がいいですよ。　俺みたいに若くないんだ」,0,,
890,ダスティン,,「たわけ。　まだまだお前さんには負けんわ」,0,,
891,,,,1,,
892,,,,1,,部屋に戻り、自室の椅子に腰をかけながらのんびり。
893,,,,1,,演出：場面転換
894,,,,1,,BG：自室(夜)
895,,,,1,,SBG：自室机前
896,,,,1,,SC：手帳
897,,,そのうち、薪みたいに頭カチ割りますよ。,0,,
898,,,”そのうち”がもう無いことに気付いて黙ったと知られたら笑い種だ。,0,,
899,,,明日の夜には此処を発つ。　そう決めたんだろ。,0,,
900,,,,1,,演出：画面セピア
901,ダスティン,,「エレナには言うのか？」,0,,
902,シン,,「…………」,0,,
903,ダスティン,,「そうか。　ワシからこんな頼みはしたくないんだがな……」,0,,
904,ダスティン,,「お前さんが出て行くことは……どうか、黙っておいてはくれんか」,0,,
905,,,,1,,シンはベッドに横たわり考え事をする
906,,,,1,,SBG：ベッドに横になっている
907,,,理由は分かってる。,0,,
908,,,知れば間違いなくエレナは”許さない”。……だからこそ、黙って出て行けと。,0,,
909,,,案外、呆気ない幕切れだ。,0,,
910,,,"笑顔で見送ってくれとは言わない。
だが、こんな尻切れトンボな終わりで良いのか？",0,,
911,,,もっと全員が納得出来るような形があればそれで……。,0,,
912,,,,1,,SC：掌
913,シン,,「幸福……誰かが享受すれば……他の誰かは不幸を……」,0,,
914,,,俺にとってこの決断は……幸福と言えるのか……？,0,,
915,,,,1,,シンはベッドから飛び起きる
916,,,,1,,"BG：シンの部屋(夜)
SE：ギィッ"
917,,,駄目だな、妙なことばかりが頭を過ぎる。　荷物でもまとめておくか。,0,,
918,,,,1,,シンはテーブルの上に置いてある手帳を眺める
919,,,,1,,SC：手帳
920,,,……随分と使い古したこの手帳。,0,,
921,,,俺にとっては唯一、残してきた軌跡。,0,,
922,,,……色々あったな……ここでの生活も。,0,,
923,,,,1,,場面転換
924,,,,1,,シンは現実世界での混沌とした世界の夢を断片的に見続ける。
925,,,,1,,演出：画面暗転。
926,,,,1,,"SBG：なだれ込む群衆
SBG：泣き叫ぶ人々
SBG：ドアからはみ出している血塗れの腕"
927,,,,1,,ME：叫び
928,,,,1,,暗転終了
929,,,,0,,"BG：自室(夜)
演出：視界全体が上下に振動"
930,シン,,「ッ！！！……ハァ……！！　ハァ……！！」,0,,
931,,,また……変な夢か……！,0,,
932,,,,1,,SBG：階段下覗き込み
933,,,……そろそろエレナも出ただろうし、シャワーでも浴びるか。,0,,
934,,,,1,,演出：場面転換
935,,,,1,,BG：風呂ドア前→窓際
936,シン,,「…………」,0,,
937,,,,1,,BG：玄関前→草原→山羊小屋
938,,,流石に夜は冷えるな。　でも、今の気分には丁度いい。,0,,
939,,,適当に歩いたら戻って……。,0,,
940,,,,1,,演出：場面転換
941,,,気になって来てしまった。　特に用事もないのに。,0,,
942,,,,1,,山羊小屋に入るも真っ暗
943,,,,1,,BG：山羊小屋内部
944,,,3匹のシルエットが固まって眠っているのが見える。,0,,
945,,,……まぁ、当たり前だよな。,0,,
946,,,,1,,場面転換
947,,,「……ん？」,0,,
948,,,,1,,場面転換
949,シン,,「おい」,0,,
950,エレナ,,「わっ！　シンさん、こんな時間に！？」,0,,
951,シン,,「お前こそ、こんな時間に外に出るなんて不用心だ」,0,,
952,エレナ,,「えへへ、新鮮な空気が吸いたくって！」,0,,
953,シン,,「ベランダからでも十分だろうに」,0,,
954,エレナ,,「それだとお空がいっぱいに見えません！」,0,,
955,シン,,「空？」,0,,
956,エレナ,,「輝く星！」,0,,
957,シン,,「ああ」,0,,
958,エレナ,,「シンさんこそ、どうしたんですか？」,0,,
959,シン,,「……ただの気分転換で」,0,,
960,エレナ,,「ふ～ん？　じゃ、いっしょに見ましょ！」,0,,
961,シン,,「星をか？　興味な―――」,0,,
962,エレナ,,「いいからいいから！」,0,,
963,シン,,「お、おい……！」,0,,
964,,,,1,,満点の星空を見据え二人は語り合う。
965,,,,1,,演出：場面転換
966,,,,1,,BG：満点の星空
967,,,話しかけるんじゃなかった。,0,,
968,エレナ,,「あっ！　流れ星！　今の見ました！？」,0,,
969,シン,,「静かにしろ。　集中できない」,0,,
970,,,そういえば、腰を据えて星を見ることなんて無かった。,0,,
971,,,改めて見るとその雄大さに飲み込まれてしまいそうになる。,0,,
972,エレナ,,"「キラキラしてて、みんなで仲良く歌ってるみたいです。
ずっとず～っといっしょの、家族みたい！」",0,,
973,シン,,「星だって永遠じゃない。　寿命がある」,0,,
974,エレナ,,「そうなんですか？」,0,,
975,シン,,"「今見える光は、数分前から数百万年前の物だ。
此処へ届く頃にはとっくに消滅しているかもしれない」",0,,
976,エレナ,,「えー……理屈っぽくてなんかヤダ」,0,,
977,シン,,「…………」,0,,
978,シン,,"「いいか、輝けない星は恒星のお陰で光ることが出来る。
誰かに助けて貰いながらその生涯を終えていく」",0,,
979,エレナ,,「それって人も？」,0,,
980,シン,,「人間？　まぁ、考え方としては間違ってないかもしれないな」,0,,
981,シン,,「死後も誰かを照らし続ける……そういう点では似てる」,0,,
982,エレナ,,「…………」,0,,
983,シン,,「黙るなっての」,0,,
984,エレナ,,「てっきり、くだらないって言うのかと思ってました」,0,,
985,シン,,「こ、これは勉強の一環だ。　今日は見てやれなかったしな」,0,,
986,エレナ,,「勉強……明日はやるんですよね？」,0,,
987,,,「ん？　まぁ、そう……だな」,0,,
988,エレナ,,「えへへ、楽しみです」,0,,
989,シン,,"「エレナが勉強を楽しめるようになるとは。
あの人の言葉を借りるなら、天変地異の前触れか」",0,,
990,エレナ,,「シツレーですねっ！　シ・ン・さ・ん・と！　だから楽しいんです！」,0,,
991,シン,,「……そうか」,0,,
992,,,,1,,
993,エレナ,,「ねね、シンさん」,0,,
994,エレナ,,「わたしが死んでも、誰かを照らせると思いますか？」,0,,
995,シン,,「……はぁ？」,0,,
996,エレナ,,「バカにされると思って、ずっと秘密にしてたんですけど」,0,,
997,エレナ,,「最近、怖い夢をよく見るんです」,0,,
998,シン,,「夢？」,0,,
999,エレナ,,「ず～っと、ず～っと、真っ暗な場所でなにも見えないのに落ち続ける夢」,0,,
1000,エレナ,,「泣いても叫んでも、誰も助けてくれない」,0,,
1001,エレナ,,「最後は頭から落ちて、ぐちゃぐちゃになって」,0,,
1002,エレナ,,「…………」,0,,
1003,,,,1,,シンは星空を見るのをやめ、エレナを見る。
1004,,,,1,,BG：草原(夜)⑤
1005,シン,,「どうした？」,0,,
1006,エレナ,ショック,「それでもわたし……生きてるんです」,0,,
1007,エレナ,,「痛くて頭がチカチカするのに、カラダは動かなくて」,0,,
1008,シン,,「だから、いつか死ぬかもしれないって？」,0,,
1009,エレナ,悲しみ,「……はい」,0,,
1010,シン,,「たかが夢で、人の生き死にが決まってたまるかよ」,0,,
1011,,,,1,,エレナはエレナの頭をどつく。
1012,,,,1,,演出：エレナが上に飛び跳ねる
1013,エレナ,コミカル泣き,「でも……あでっ！」,0,,
1014,シン,,「いいか？　そんなくっだらない妄想する暇があるなら、明日の夕飯でも考えた方がよっぽど生産的だ」,0,,
1015,シン,,「確かに夢の中でエレナは死んだだろうな。　けど、それがどうしたって？」,0,,
1016,シン,,「俺の目の前にいるのは死人じゃなくて生きた人間だろうが」,0,,
1017,エレナ,驚き,「……！！」,0,,
1018,シン,,「生き死にの前に、もっと考えることがあるぞ。　お前には」,0,,
1019,エレナ,疑問,「考えることって？」,0,,
1020,シン,,「……それは……」,0,,
1021,シン,,「自分で考えろ」,0,,
1022,エレナ,驚き,「ええっ！　そこまで言ったのに！？」,0,,
1023,シン,,「お前が馬鹿なことを言うからだ」,0,,
1024,エレナ,通常,「……シンさん、やっぱ変わりましたよ」,0,,
1025,シン,,「何だ、改まって」,0,,
1026,エレナ,笑顔,「前は今よりもっ～と、トゲトゲでガミガミしてました」,0,,
1027,エレナ,通常,「わたし、最近思うんです」,0,,
1028,エレナ,,「やってみなきゃ分からないことが沢山あるって」,0,,
1029,エレナ,,「自分の目で見て、感じる気持ちが大切だから」,0,,
1030,エレナ,,「そうしないと、変われないんだって」,0,,目を閉じ語る(遠回しにシンのおかげだと言ってる)
1031,エレナ,,"「わたしは、わたしをもっと知りたい。
それができればきっと、今よりももっとオトナに……」",0,,
1032,エレナ,,「だからーーー」,0,,
1033,,,,1,,"エレナはシンの前を走り、振り向く。
空には満点の星空。"
1034,,,,1,,CG：ワガママ
1035,エレナ,,「シンさんのおかげで勇気がもらえました！　だからもう、迷いません……！」,0,,
1036,エレナ,,「わたし、街に行きたいんです！　いえ！　行きます！」,0,,
1037,シン,,「セスニアにか？」,0,,
1038,エレナ,,「はいっ！」,0,,
1039,エレナ,,「向こうにはわたしの知らない物がたくさんあります！」,0,,
1040,エレナ,,「色んな人との出会いがあって、見たこともない文化もあって」,0,,
1041,エレナ,,「わたしを本物で本当のオトナにしてくれる”何か”が、向こう側にはあるんです！」,0,,
1042,エレナ,,「確かめたい……！　この目で見たいんですっ！」,0,,
1043,シン,,「それがエレナの言う大人への近道だと？」,0,,
1044,エレナ,,「そうじゃなきゃ困ります！」,0,,
1045,エレナ,,「待ってるだけじゃオトナになれないって、分かったから」,0,,
1046,エレナ,,「挑戦！　今までの積み重ねは今日、この日のためにあったんですよ！」,0,,
1047,エレナ,,「シンさんもいっしょなら、それだけで頑張れるんです。　わたし！」,0,,
1048,シン,,「俺には……大人の良さは理解できないけどな」,0,,
1049,エレナ,,「力ですよ！　誰かを助けられるパワー！」,0,,
1050,エレナ,,「分かってますよ。　わたしはまだ子どもなんだってことぐらい」,0,,
1051,エレナ,,"「わたしは自分の力で輝ける星になりたい。
そして誰かを照らせるような、そんなオトナになりたいんです！」",0,,
1052,シン,,「！」,0,,
1053,エレナ,,「おじさんはわたしが街に行くこと……反対する」,0,,
1054,エレナ,,「でも、今度こそはきっと……！」,0,,
1055,エレナ,,「シンさんといっしょなら、それができる気がするの！」,0,,
1056,,,,1,,CG差分：エレナのドアップ＆満面の笑み
1057,シン,,「待ってくれ……俺は……」,0,,
1058,,,家から出て行くことにした。　世話になったな。……淡々と言うだけで良い。,0,,
1059,,,いつもならそれぐらい容易く言えた。,0,,
1060,,,それなのに、喉元から、一向に出ない。,0,,
1061,エレナ,,"「これが、""子どものわたし""がお願いする最後のワガママだから」",0,,
1062,エレナ,,「―――聞いてくれますか？」,0,,
1063,,,瞳を通して伝わる、大人になりたいという真っ直ぐな決意。,0,,
1064,,,子どもの特権。　大人になるにつれて段々と忘れていくモノ。,0,,
1065,,,正体は、心を人に見せられる勇気。,0,,心：よわさ
1066,,,俺はその姿を漠然とした感情で見つめることしか出来なかった。,0,,
1067,,,沈黙が、肯定になると分かっていても……。,0,,
1068,,,,1,,OP挿入
